id,item_name,url,image_url,facet:brand,group_ids,metadata:price,facet:price,metadata:adult,facet:fulfil_by,facet:one_pass_exclusive,facet:sold_by,facet:free_delivery,facet:adult,facet:personalised_product,facet:has_dangerous_goods,facet:sensitive,facet:age_restricted,facet:dual_pricing,facet:express_delivery,facet:average_rating,facet:date_added,facet:one_pass_eligible,facet:click_and_collect,facet:discount_percentage,facet:one_pass_discount_percentage,facet:baby_size,facet:child_size,facet:youth_size,facet:options,facet:us_infant_shoes,facet:variant_colour_value,facet:neck_and_sleeve,facet:us_kids_size,facet:variant_size_value,facet:size.,facet:waist_and_length,facet:ugg_size,facet:colour,facet:uk_size_2,facet:au_size,facet:uk/eu_kids_size_(clarks),facet:us_size,facet:colour_new,facet:bedding_size,facet:havaiana_size,facet:uk_size,facet:eu_size,facet:skins_size,facet:kids_size,facet:size,facet:bra_size,facet:eur_womens_shoes,facet:weight,facet:hosiery_size,facet:mens_eu_shoes,facet:product_options,facet:color,facet:t-shirt_size,facet:dns,facet:junior_size,facet:glove_size,facet:uk_kids_clarks,facet:select_size,facet:uk_clarks_junior/adult_female,facet:weatherbeeta_size,facet:lens_strength,facet:colour_and_size,facet:racquet_size,facet:jacket_size,facet:uk_clarks_junior/adult_male,facet:clarks_dns,facet:size_selection,facet:luxury_living_bedding_color,facet:option,facet:nappy_size,facet:maybelline_expert_wear_eyeshadow,description,keywords
7694,Pjur Original Bodyglide Lubricant - 100ml,https://www.catch.com.au/product/pjur-original-bodyglide-lubricant-100ml-7694,https://s.catch.com.au/images/product/7694/5120b46e95900530883555.jpg,Pjur,3649,26.00,26.00,true,"","",Marketplace,"",true,"","",true,"","","",3.8,2013-02-17T21:43:44.000Z,"","",0,0,"","","","","","","","","","","","","","","","","","","","","","","","","","","","","","","","","","","","","","","","","","","","","","","","","","","","Pjur Original Bodyglide Lubricant - 100ml     Don t pay more elsewhere!     Great for foreplay, sex &amp; gentle body massages!    If you re after a lubricant that s odourless, tasteless and as silky as it can be, then you need to bite this up. Pju",""
22638,Christian Dior Dune For Her EDT 100mL,https://www.catch.com.au/product/christian-dior-dune-for-her-edt-100ml-22638,https://s.catch.com.au/images/product/22638/5120d8e324b3d573417316.jpg,Dior,1280,196.96,196.96,"","","",Marketplace,true,"","","","","","",true,4.8,2013-02-18T00:19:17.000Z,"","",0,0,"","","","","","","","","","","","","","","","","","","","","","","","","","","","","","","","","","","","","","","","","","","","","","","","","","","","Christian Dior Dune For Her EDT&nbsp;  100mL     A fresh, delicate scent with whimsical floral accords     Notes of galbanum, jasmine, lilac, ylang ylang &amp; more    Dune captures the essence of frolicking freely on the boardwalk, surrounded by a","fragrance, women s fragrance, perfume, eau de toilette"
56950,Ed Hardy for Women 100ml EDP,https://www.catch.com.au/product/ed-hardy-for-women-100ml-edp-56950,https://s.catch.com.au/images/product/56950/5121e8cbb3311169211780.jpg,,1280,55.88,55.88,"","","",Marketplace,true,"","","","","","",true,4.9,2013-02-18T19:39:24.000Z,"",true,0,0,"","","","","","","","","","","","","","","","","","","","","","","","","","","","","","","","","","","","","","","","","","","","","","","","","","","",Ed Hardy Woman by Christian Audigier for Women 100ml EDP     Don t pay more - today just $38!     Sweet floral with rock & roll flavour!     Fruity with a spicy edge for bold women!    An intoxicating scent that is feminine without being overtly gi,
56966,Princess by Vera Wang For Women EDT 100mL,https://www.catch.com.au/product/princess-by-vera-wang-for-women-edt-100ml-56966,https://s.catch.com.au/images/product/0000/0174/570dd2a869d50612746013.jpg,Vera Wang,1280,41.75,41.75,"","","",Marketplace,true,"","",true,"","","",true,4.8,2013-02-18T19:39:28.000Z,"","",0,0,"","","","","","","","","","","","","","","","","","","","","","","","","","","","","","","","","","","","","","","","","","","","","","","","","","","","A slight hint of dark chocolate makes this a delectable scent! Feel like a princess with an intoxicating blend of tart fruit, sweet floral and sugary vanilla!    Features:      Princess by Vera Wang 100mL   Eau De Toilette   For women   Top notes: W","vera wang, vera wang princess, vera wang fragrances, princess by vera wang, womens fragrances, cheap fragrances, fragrances online, mothers day, mother s day"
89354,Sex & Mischief Satin Blindfold,https://www.catch.com.au/product/sex-mischief-satin-blindfold-89354,https://s.catch.com.au/images/product/89354/512229d2e56ba275068858.jpg,Sex & Mischief,3613,12.71,12.71,true,"","",Marketplace,"",true,"","",true,"","",true,5.0,2013-02-19T00:16:50.000Z,"","",0,0,"","","","","","","","","","","","","","","","","","","","","","","","","","","","","","","","","","","","","","","","","","","","","","","","","","","",Sex & Mischief Satin Blindfold     Don’t pay more - today just $5.95!     Double layered | Comfortable straps    A luxurious double-layered satin blindfold with Velboa trim and thin dual-elastic strap for a comfortable fit.    Features:      Sex &,
105494,Guess Seductive I m Yours For Women EDT 75mL,https://www.catch.com.au/product/guess-seductive-i-m-yours-for-women-edt-75ml-105494,https://s.catch.com.au/images/product/105494/527328481a4f8033377351.jpg,Guess,1280,58.90,58.90,"","","",Marketplace,"","","","","","","","",4.5,2013-04-05T17:12:37.000Z,"","",0,0,"","","","","","","","","","","","","","","","","","","","","","","","","","","","","","","","","","","","","","","","","","","","","","","","","","","","Guess Seductive I m Yours For Women EDT&nbsp;  75mL&nbsp;     Save heaps on this seductive fragrance!&nbsp;     Hot, sexy &amp; playful with fruity, spicy notes!    Heady with fruity notes, this seductive fragrance is perfect for young, confident w",""
110986,Allambee Ikat Style Throw - Honey,https://www.catch.com.au/product/allambee-ikat-style-throw-honey-110986,https://s.catch.com.au/images/product/110986/517492a774b53161518340.jpg,,1587,44.95,44.95,"","","",Marketplace,true,"","","","","","","",5.0,2013-04-22T10:29:54.000Z,"","",25,0,"","","","","","","","","","","","","","","","","","","","","","","","","","","","","","","","","","","","","","","","","","","","","","","","","","","","Allambee Ikat Style Throw - Honey     Striking Ikat tribal print | Neutral colour palette!     Accent your interior decor or hide your clutter!    This striking woven Allambee throw has a beautiful printed Ikat design in a neutral colour palette, t",""
128174,Tommee Tippee Medium Flow Teats 2-Pack,https://www.catch.com.au/product/tommee-tippee-medium-flow-teats-2-pack-128174,https://s.catch.com.au/images/product/128174/52d8820810cb5642846790.jpg,Tommee Tippee,3370,39.95,39.95,"","","",Marketplace,"","","","","","","","",4.9,2013-05-08T11:05:09.000Z,"","",0,0,"","","","","","","","","","","","","","","","","","","","","","","","","","","","","","","","","","","","","","","","","","","","","","","","","","","",Tommee Tippee Medium Flow Teats 2-Pack      Unbelievable value for a feeding must have!     Mimics natural flex feel and movement of mum s breast      Silicone construction | 100% BPA free | Medium flow design     Tommee Tippee have an amazing rang,
160346,Ferrero Rocher 30-Piece Gift Pack 375g,https://www.catch.com.au/product/ferrero-rocher-30-piece-gift-pack-375g-160346,https://s.catch.com.au/images/product/0037/37775/5f9a0e6e571a8401007960.jpg,Ferrero,1181,43.85,43.85,"","","",Marketplace,true,"","","","","","",true,4.8,2013-06-10T09:55:35.000Z,"","",0,0,"","","","","","","","","","","","","","","","","","","","","","","","","","","","","","","","","","","","","","","","","","","","","","","","","","","","Give your special someone a gift to remember. This magical gift pack of Ferrero Rocher chocolates is bound to be a crowd pleaser. A world-famous combination of the finest chocolate, crisp wafer shell, hazelnut pieces and creamy centre - now that s p","ferrero rocher, ferrero rocher chocolate, chocolate, hazelnut, chocolate box, chocolate gift, christmas chocolate, confectionery, pantry, chocolates,"
165670,Crayola SuperTips Washable Markers 20pk,https://www.catch.com.au/product/crayola-supertips-washable-markers-20pk-165670,https://s.catch.com.au/images/product/0033/33980/5f1f7698a251d922961671.jpg,Crayola,1999,15.00,15.00,"","","",Marketplace,true,"","","","","","",true,4.8,2013-06-10T12:50:23.000Z,"","",0,0,"","","","","","","","","","","","","","","","","","","","","","","","","","","","","","","","","","","","","","","","","","","","","","","","","","","","The Crayola SuperTips are great for school projects, doodling and all-around colouring fun! This pack of 20 assorted washable markers feature durable conical tips that allow for thin lines from the point and thicker lines when held at an angle - and","crayola, washable markers, super tips, art markers, markers, colour markers, conical, markers"
166282,Wokka Golden Hokkien Noodles 440gm,https://www.catch.com.au/product/wokka-golden-hokkien-noodles-440gm-166282,https://s.catch.com.au/images/product/166282/51b5441cde9ec340890975.jpg,,,13.00,13.00,"","","",Marketplace,"","","","","","","","",,2013-06-10T13:12:27.000Z,"","",0,0,"","","","","","","","","","","","","","","","","","","","","","","","","","","","","","","","","","","","","","","","","","","","","","","","","","","","SRP $3.30*, today just $1! Save 69%!    With two convenient 220gm pouches in each pack, Wokka shelf-fresh noodles are the perfect addition to your authentic stir fries and similar dishes. They re easy to prepare - just heat and eat!    Features:",
173430,Hot Cookie USB Cup Warmer,https://www.catch.com.au/product/hot-cookie-usb-cup-warmer-173430,https://s.catch.com.au/images/product/173430/51b81dc4ed093967372960.jpg,,1731,23.35,23.35,"","","",Marketplace,true,"","","","","","",true,2.9,2013-06-11T14:49:46.000Z,"","",0,0,"","","","","","","","","","","","","","","","","","","","","","","","","","","","","","","","","","","","","","","","","","","","","","","","","","","",Hot Cookie  USB Cup Warmer     Keep your mug at a cozy 60 degrees!     Plugs into any Mac or PC!     Never waste a good hot drink again!    Keep your coffee at a toasty 60 degrees with this Hot Cookie USB Powered Cup Warmer! Now you can enjoy your,""
193062,2 x Coco Pops Chex 500g,https://www.catch.com.au/product/2-x-coco-pops-chex-500g-193062,https://s.catch.com.au/images/product/0158/158867/659778194a417378564338.jpg,Kellogg s,1155,13.00,13.00,"",Catch,"",Catch,"","","","","","","",true,4.7,2013-07-22T17:05:41.000Z,true,true,0,0,"","","","","","","","","","","","","","","","","","","","","","","","","","","","","","","","","","","","","","","","","","","","","","","","","","","","Coco Pops Chex is the breakfast cereal with real cocoa and a delicious chocolatey taste. In a light and crunchy criss-crossed pillow, it s fun to eat with a crunchy texture that makes it great for snaking on, or enjoing in a bowl of milk - just ike","coco pops, coco pops cereal, cereal, breakfast cereal, breakfast, pantry, groceries"
200046,Viktor & Rolf Flowerbomb For Women EDP Perfume 100mL,https://www.catch.com.au/product/viktor-rolf-flowerbomb-for-women-edp-perfume-100ml-200046,https://s.catch.com.au/images/product/0056/56131/6153ab258a988590572653.jpg,Victor & Rolf,1280,167.78,167.78,"","","",Marketplace,true,"","",true,"","","",true,4.8,2013-08-05T17:11:22.000Z,"","",0,0,"","","","","","","","","","","","","","","","","","","","","","","","","","","","","","","","","","","","","","","","","","","","","","","","","","","","The Viktor Flowerbomb EDP is the perfect gift for the savvy woman. Flowerbomb is a floral explosion, attacking your senses with the perfume&rsquo;s magically evocative notes - inspiring your imagination into action! Created by the Amsterdam-based fa","viktor & rolf, viktor & rolf flowerbomb. flowerbomb, womens fragrances, fragrances online, cheap fragrances, mothers day, mother s day"
218218,Bubba Blue Standard Cot Waterproof Mattress Protector,https://www.catch.com.au/product/bubba-blue-standard-cot-waterproof-mattress-protector-218218,https://s.catch.com.au/images/product/0160/160853/65c18521a7681165495189.jpg,Bubba Blue,1583,29.44,29.44,"","","",Marketplace,true,"","","","","",true,true,4.7,2013-09-16T10:27:19.000Z,true,"",8,0,"","","","","","","","","","","","","","","","","","","","","","","","","","","","","","","","","","","","","","","","","","","","","","","","","","","",Bubba Blue Waterproof Cot Mattress Protector     Protect your bub s mattress from little accidents!     Soft bamboo top layer | Fully fitted &amp; waterproof!    Bubba Blue products are meticulously made to ensure that your baby is given only the b,""
328529,LEGO® Friends: Dolphin Cruiser Building Set,https://www.catch.com.au/product/lego-r-friends-dolphin-cruiser-building-set-328529,https://s.catch.com.au/images/product/0001/1539/5538530b3a70f198378730.jpg,Lego,3407,302.06,302.06,"","","",Marketplace,true,"","","","","","",true,4.8,2014-11-14T10:46:17.000Z,"","",9,0,"","","","","","","","","","","","","","","","","","","","","","","","","","","","","","","","","","","","","","","","","","","","","","","","","","","","Hot price for this LEGO&reg; set!     Contains 612 pieces | Hours of building fun!    Since 1949, LEGO&reg; has been capturing the imagination of children and their parents the world over. Using bright and colourful designs, you ll be drawn into un",""
14137044,Dog Boots Waterproof for Dog with Reflective Velcro Rugged Anti-Slip - Red,https://www.catch.com.au/product/dog-boots-waterproof-for-dog-with-reflective-velcro-rugged-anti-slip-red-14137044,https://s.catch.com.au/images/product/0080/80299/631184ac91ce6058089194.jpg,JIEEND,2580,30.19,30.19,"","","",Marketplace,true,"","","","","",true,"",,2022-09-02T14:21:00.000Z,"","",23,0,"","","","","","","","",4 yards|5 yards|6 yards|7 yards,"","","","","","","","","","","","","","","","","","","","","","","","","","","","","","","","","","","","","","","","","","","Product description  Material: reflective strip + rubber sole  Color: Khaki，black, red  Size 4: 5*6.5cm  Size 5: 5.7*7cm  Size 6 size: 6.4*7.5cm  Size 7 size: 7*8cm  Quantity: 4pcs  Package content: 4*slip resistant, waterproof and wearable pet shoe",pet shoes
14249777,DUNLOP - Mens Plush Fur Lined Memory Foam Plaid Checked Moccasin Slippers with Hard Sole - Brown,https://www.catch.com.au/product/dunlop-mens-plush-fur-lined-memory-foam-plaid-checked-moccasin-slippers-with-hard-sole-brown-14249777,https://s.catch.com.au/images/product/0080/80792/6335b637b9303209982129.jpg,Dunlop,4989,41.78,41.78,"","","",Marketplace,"","","","","","","","",,2022-09-05T11:27:42.000Z,"","",0,0,"","","","","","","","",12|8|11|9|7|10,"","","","","","","","","","","","","","","","","","","","","","","","","","","","","","","","","","","","","","","","","","","Mens Memory Foam Moccasin Dunlop Slippers    Originating as a tyre manufacturer, Dunlop began its association with indoor footwear in the 1960s when its Lancashire based factory began producing high quality slippers with rubber soles, utilising the","size, 4, 5, 6, 7, 8, comfy, indoor, knitted, quality, fur, lined, tartan, fleece, winter, warm, checked, light, weight, christmas, gift, ideas, dad, grandad, elderly, uncle, plaid, hard, sole, wool, without, laces, burgundy, home, slip, on, luxury, tweed, vintage"
